ツアー,Day,rownum,menuid
春の中山道北上ツアー,Day1,1,1
春の中山道北上ツアー,Day1,2,3
春の中山道北上ツアー,Day2,1,58
春の中山道北上ツアー,Day2,2,2
春の中山道北上ツアー,Day2,3,6
春の中山道北上ツアー,Day2,4,64
春の中山道北上ツアー,Day2,5,61
春の中山道北上ツアー,Day2,6,8
春の中山道北上ツアー,Day3,1,61
春の中山道北上ツアー,Day3,2,60
春の中山道北上ツアー,Day3,3,12
春の中山道北上ツアー,Day3,4,10
春の中山道北上ツアー,Day3,5,20
春の中山道北上ツアー,Day3,6,23
春の中山道北上ツアー,Day3,7,59
春の中山道北上ツアー,Day3,8,13
春の中山道北上ツアー,Day3,9,29
春の中山道北上ツアー,Day4,1,35
春の中山道北上ツアー,Day4,2,34
春の中山道北上ツアー,Day4,3,47
春の中山道北上ツアー,Day4,4,49
春の中山道北上ツアー,Day4,5,51
春の中山道北上ツアー,Day4,6,53
春の中山道北上ツアー,Day4,7,52
夏の渓谷ずぶ濡れツアー,Day1,1,1
夏の渓谷ずぶ濡れツアー,Day1,2,4
夏の渓谷ずぶ濡れツアー,Day1,3,3
夏の渓谷ずぶ濡れツアー,Day1,4,14
夏の渓谷ずぶ濡れツアー,Day1,5,13
夏の渓谷ずぶ濡れツアー,Day1,6,22
夏の渓谷ずぶ濡れツアー,Day1,7,59
夏の渓谷ずぶ濡れツアー,Day1,8,28
夏の渓谷ずぶ濡れツアー,Day2,1,58
夏の渓谷ずぶ濡れツアー,Day2,2,17
夏の渓谷ずぶ濡れツアー,Day2,3,18
夏の渓谷ずぶ濡れツアー,Day2,4,40
夏の渓谷ずぶ濡れツアー,Day2,5,36
夏の渓谷ずぶ濡れツアー,Day2,6,37
夏の渓谷ずぶ濡れツアー,Day2,7,39
夏の渓谷ずぶ濡れツアー,Day2,8,43
夏の渓谷ずぶ濡れツアー,Day2,9,42
夏の渓谷ずぶ濡れツアー,Day3,1,41
夏の渓谷ずぶ濡れツアー,Day3,2,51
夏の渓谷ずぶ濡れツアー,Day3,3,50
夏の渓谷ずぶ濡れツアー,Day3,4,53
夏の渓谷ずぶ濡れツアー,Day3,5,52
秋の中山道南下ツアー,Day1,1,58
秋の中山道南下ツアー,Day1,2,53
秋の中山道南下ツアー,Day1,3,51
秋の中山道南下ツアー,Day1,4,49
秋の中山道南下ツアー,Day1,5,46
秋の中山道南下ツアー,Day1,6,34
秋の中山道南下ツアー,Day1,7,35
秋の中山道南下ツアー,Day1,8,33
秋の中山道南下ツアー,Day2,1,59
秋の中山道南下ツアー,Day2,2,13
秋の中山道南下ツアー,Day2,3,27
秋の中山道南下ツアー,Day2,4,15
秋の中山道南下ツアー,Day2,5,60
秋の中山道南下ツアー,Day2,6,61
秋の中山道南下ツアー,Day2,7,62
秋の中山道南下ツアー,Day3,1,58
秋の中山道南下ツアー,Day3,2,7
秋の中山道南下ツアー,Day3,3,9
秋の中山道南下ツアー,Day3,4,61
秋の中山道南下ツアー,Day3,5,64
秋の中山道南下ツアー,Day3,6,6
秋の中山道南下ツアー,Day3,7,3
秋の中山道南下ツアー,Day4,1,2
秋の中山道南下ツアー,Day4,2,1
冬の温泉ぬくぬくツアー,Day1,1,60
冬の温泉ぬくぬくツアー,Day1,2,61
冬の温泉ぬくぬくツアー,Day1,3,63
冬の温泉ぬくぬくツアー,Day2,1,61
冬の温泉ぬくぬくツアー,Day2,2,64
冬の温泉ぬくぬくツアー,Day2,3,2
冬の温泉ぬくぬくツアー,Day2,4,14
冬の温泉ぬくぬくツアー,Day3,1,57
冬の温泉ぬくぬくツアー,Day3,2,13
冬の温泉ぬくぬくツアー,Day3,3,39
冬の温泉ぬくぬくツアー,Day3,4,42
冬の温泉ぬくぬくツアー,Day3,5,47
冬の温泉ぬくぬくツアー,Day3,6,49
冬の温泉ぬくぬくツアー,Day3,7,51
冬の温泉ぬくぬくツアー,Day3,8,53
冬の温泉ぬくぬくツアー,Day3,9,52
