docId,uid,title,savedAt,dayCount,startDate,itemCount
"1a8Qiwj7bRMgRJhzvYQj","eLLMcqNNDIWjzhDF2ELcYLi26UK2","2025/12/24 14:39","2025-12-24T05:39:25.840Z","10","2026-01-12","54"
"43PSMp8sg2i00z9xusdF","eLLMcqNNDIWjzhDF2ELcYLi26UK2","2025/12/24 14:33","2025-12-24T05:33:00.276Z","8","2026-01-12","45"
"66LGsyRsnAxvL83wHESk","eLLMcqNNDIWjzhDF2ELcYLi26UK2","2025/12/24 08:26","2025-12-23T23:26:10.941Z","5","2025-12-24","6"
"BumJhqmOHFh9qd78Z5hr","eLLMcqNNDIWjzhDF2ELcYLi26UK2","2025/12/18 12:20","2025-12-18T03:20:48.202Z","5","2025-12-18","26"
"JZcBE7SJXjeSTMzdJhcc","eLLMcqNNDIWjzhDF2ELcYLi26UK2","2025/12/24 14:46","2025-12-24T05:46:14.771Z","11","2026-01-12","58"
"MrzhLtRY9ntrcgIKVFhy","eLLMcqNNDIWjzhDF2ELcYLi26UK2","テストです","2025-12-24T12:27:07.689Z","3","2025-12-24","22"
"RBjhJuIxgvVymXJNgh2o","YQWwjvUA0mXztTKFhTazP8F4M8E3","2025/12/18 10:05","2025-12-18T01:05:59.055Z","5","2025-12-18","5"
"VVpo6eOAd8LCnRzYgRXz","eLLMcqNNDIWjzhDF2ELcYLi26UK2","2025/12/17 23:59","2025-12-17T14:59:24.460Z","5","2025-12-17","18"
"VmdzN873Im043SVFEoyD","eLLMcqNNDIWjzhDF2ELcYLi26UK2","2025/12/24 14:17","2025-12-24T05:17:31.407Z","6","2026-01-12","30"
"Y3K3dg8T2IOFT9rMEGYR","eLLMcqNNDIWjzhDF2ELcYLi26UK2","2025/12/14 20:31","2025-12-14T11:31:01.469Z","5","2025-12-14","25"
"YpCS2LkBQ33MDvaXR324","eLLMcqNNDIWjzhDF2ELcYLi26UK2","2025/12/18 07:12","2025-12-17T22:12:09.657Z","5","2025-12-18","18"
"ZGWcOWthW30D2ipezoYY","eLLMcqNNDIWjzhDF2ELcYLi26UK2","テスト２","2025-12-24T12:31:08.710Z","4","2025-12-24","24"
"cZkkmkQq0t5c2uqKPT7G","eLLMcqNNDIWjzhDF2ELcYLi26UK2","2025/12/19 11:12","2025-12-19T02:12:07.151Z","3","2025-12-19","16"
"erelKrm6n4p6Fh2Zkpz4","eLLMcqNNDIWjzhDF2ELcYLi26UK2","2025/12/14 20:30","2025-12-14T11:30:38.904Z","5","2025-12-14","25"
"gtafgN5pfFE33w6GKsAz","eLLMcqNNDIWjzhDF2ELcYLi26UK2","2025/12/18 12:31","2025-12-18T03:31:14.228Z","5","2026-01-12","24"
"jDqJNHPOgH7j3MqFNC8C","eLLMcqNNDIWjzhDF2ELcYLi26UK2","2025/12/24 09:09","2025-12-24T00:09:01.071Z","4","2025-12-24","24"
"k8rBIezlzNkcjKWOTYd7","YQWwjvUA0mXztTKFhTazP8F4M8E3","2025/12/18 10:06","2025-12-18T01:06:11.797Z","5","2025-12-18","5"
"llmOgpvZcEeyu816zVCM","YQWwjvUA0mXztTKFhTazP8F4M8E3","2025/12/18 10:08","2025-12-18T01:08:39.079Z","5","2025-12-18","18"
"qhyW4rPsmmPv4SPVrB3G","eLLMcqNNDIWjzhDF2ELcYLi26UK2","2025/12/19 11:32","2025-12-19T02:32:45.383Z","4","2025-12-19","24"
"sgOMCwppgWX22bqNYDfG","eLLMcqNNDIWjzhDF2ELcYLi26UK2","2025/12/24 14:27","2025-12-24T05:27:45.427Z","7","2026-01-12","41"
"xRzKw4OKebXk2xaMJjU2","eLLMcqNNDIWjzhDF2ELcYLi26UK2","2025/12/17 18:46","2025-12-17T09:46:59.697Z","5","2025-12-17","6"
"ypzC1JdhMowa5nx96dx5","eLLMcqNNDIWjzhDF2ELcYLi26UK2","2025/12/24 09:12","2025-12-24T00:12:19.805Z","4","2025-12-24","23"